timestamp,tollID,tagRef,tagHomeID,charge
2022-05-21 08:16,NO03,NORCBPLJD,NO,3.25
2022-05-21 09:03,NAO08,NAOHL1N13J,NAO,2.5
2022-05-21 09:10,EG19,EGYTJXEPQ,EG,1.4
2022-05-21 09:16,OO10,OOZSJ49IT,OO,2.5
2022-05-21 09:27,EG10,EGVWPVS7H,EG,0.9
2022-05-21 09:52,MO05,MOV86WZS3,MO,2.6
2022-05-21 10:56,AM01,NAOP0J43D5,NAO,2.0
2022-05-21 11:43,NO10,KOWKTAKPU,KO,4.2
2022-05-21 11:56,AM07,NAO5UQPGB7,NAO,2.8
2022-05-21 12:33,NO06,NOX6GVWRD,NO,3.25
2022-05-21 12:45,NAO12,NAOHL1N13J,NAO,2.5
2022-05-21 12:52,OO05,AMHJ7XVG0,AM,3.5
2022-05-21 13:29,NO10,NOQLL8OS9,NO,4.2
2022-05-21 14:18,NO09,NORCBPLJD,NO,4.2
2022-05-21 15:02,NAO10,AMV3A3ZMF,AM,2.5
2022-05-21 15:44,NAO32,NAO09SKDGI,NAO,2.5
2022-05-21 16:27,NAO29,OOZSJ49IT,OO,2.5
2022-05-21 16:59,NO09,EGRHOCN9J,EG,4.2
2022-05-21 17:00,AM05,AMXAJI0Y6,AM,3.6
2022-05-21 17:05,EG26,NOE1V2ISQ,NO,1.8
2022-05-21 17:16,EG22,EGRHOCN9J,EG,1.6
2022-05-21 17:48,OO06,OOQ0OXFQ8,OO,3.5
2022-05-21 17:51,OO04,OO3KKV9RF,OO,2.4
2022-05-21 17:57,NAO03,NAOURTP0LZ,NAO,2.5
2022-05-21 18:11,NO14,NOXFGCAQV,NO,4.15
2022-05-21 18:26,NAO16,NAOBMYOFQE,NAO,2.5
2022-05-21 18:47,MO06,MOJCKJLTE,MO,2.6
2022-05-21 18:58,NAO21,NAO5ZJA8DZ,NAO,2.5
2022-05-21 19:11,MO07,KOIXA11DP,KO,3.15
2022-05-21 19:45,AM06,AMXAJI0Y6,AM,3.6
2022-05-21 20:14,NAO37,NAOBMYOFQE,NAO,2.5
2022-05-21 20:43,NO04,NOQLL8OS9,NO,3.25
2022-05-21 22:02,EG02,EGUT0CVS4,EG,3.0
2022-05-21 23:24,EG19,EGYTJXEPQ,EG,1.4
2022-05-21 23:27,KO05,KOWM31YIH,KO,1.9
2022-05-22 00:21,AM01,NOE1V2ISQ,NO,2.0
2022-05-22 00:25,OO05,OOZSJ49IT,OO,3.5
2022-05-22 00:31,NAO13,NAOP0J43D5,NAO,2.5
2022-05-22 00:53,NAO33,NAOURTP0LZ,NAO,2.5
2022-05-22 01:19,EG37,EGRHOCN9J,EG,1.4
2022-05-22 01:55,MO02,OOZSJ49IT,OO,1.35
2022-05-22 01:55,OO07,NAONSM43D8,NAO,1.9
2022-05-22 02:27,OO08,OOZSJ49IT,OO,1.9
2022-05-22 02:28,AM10,EGRHOCN9J,EG,3.1
2022-05-22 03:09,AM08,KOIXA11DP,KO,2.8
2022-05-22 03:46,EG06,OOQ0OXFQ8,OO,1.7
2022-05-22 04:06,OO04,OO7PZE9VI,OO,2.4
2022-05-22 04:19,KO07,KOJDP0LVS,KO,1.85
2022-05-22 04:27,AM07,AMV3A3ZMF,AM,2.8
2022-05-22 04:58,AM08,EGYTJXEPQ,EG,2.8
2022-05-22 05:02,NO11,NAOBMYOFQE,NAO,3.35
2022-05-22 05:56,NAO09,NOX6GVWRD,NO,2.5
2022-05-22 06:16,NAO21,NAOHL1N13J,NAO,2.5
2022-05-22 06:28,NAO11,NAO5UQPGB7,NAO,2.5
2022-05-22 06:31,AM02,AMXAJI0Y6,AM,2.0
2022-05-22 06:37,NAO30,EGVWPVS7H,EG,2.5
2022-05-22 06:39,GE02,GEX7EEDTJ,GE,14.7
2022-05-22 07:20,NAO07,NAO5ZJA8DZ,NAO,2.5
2022-05-22 07:20,OO09,OO3KKV9RF,OO,2.5
2022-05-22 07:51,EG37,EGSEIMVIH,EG,1.4
2022-05-22 07:51,OO05,EG9CHJ755,EG,3.5
2022-05-22 07:58,KO09,KOWM31YIH,KO,2.05
2022-05-22 08:29,EG14,AMH9SDBDW,AM,1.2
2022-05-22 08:36,EG36,MOJCKJLTE,MO,1.0
2022-05-22 08:42,MO05,MOJCKJLTE,MO,2.6
2022-05-22 08:51,NO10,NOQLL8OS9,NO,4.2
2022-05-22 09:12,NAO37,NAO09SKDGI,NAO,2.5
2022-05-22 10:30,OO10,OOQ0OXFQ8,OO,2.5
2022-05-22 10:47,NAO39,EGIGQPKI7,EG,2.5
2022-05-22 10:58,NO09,NAOHL1N13J,NAO,4.2
2022-05-22 11:00,EG21,EGYTJXEPQ,EG,1.6
2022-05-22 11:12,KO10,KONCXLL4Z,KO,2.05
2022-05-22 11:19,MO08,NAOLY8OZCY,NAO,3.15
2022-05-22 11:25,AM10,EGRHOCN9J,EG,3.1
2022-05-22 11:28,AM02,NOQLL8OS9,NO,2.0
2022-05-22 11:34,KO07,EGC11ERTJ,EG,1.85
2022-05-22 11:51,OO03,EGUT0CVS4,EG,2.4
2022-05-22 11:57,OO07,OOQ0OXFQ8,OO,1.9
2022-05-22 12:25,NAO39,AMXAJI0Y6,AM,2.5
2022-05-22 12:33,NO05,EGVWPVS7H,EG,3.25
2022-05-22 12:36,EG29,EGF1T2TAL,EG,1.5
2022-05-22 13:34,EG32,NAOBMYOFQE,NAO,1.4
2022-05-22 14:13,KO09,KOWM31YIH,KO,2.05
2022-05-22 14:34,KO09,KOJDP0LVS,KO,2.05
2022-05-22 15:03,NAO09,EGRHOCN9J,EG,2.5
2022-05-22 15:14,NAO09,NAO5UQPGB7,NAO,2.5
2022-05-22 15:27,KO05,KONCXLL4Z,KO,1.9
2022-05-22 15:28,EG21,NAOP0J43D5,NAO,1.6
2022-05-22 15:44,EG15,EGUT0CVS4,EG,1.2
2022-05-22 15:48,EG15,AMHJ7XVG0,AM,1.2
2022-05-22 15:50,NO07,NOQLL8OS9,NO,3.55
2022-05-22 16:16,MO06,MOJCKJLTE,MO,2.6
2022-05-22 17:16,KO04,NAOURTP0LZ,NAO,2.95
2022-05-22 18:03,EG03,EGUT0CVS4,EG,1.2
2022-05-22 18:33,AM01,AMHJ7XVG0,AM,2.0
2022-05-22 18:39,AM01,AMNT3W5UZ,AM,2.0
2022-05-22 18:44,EG21,EGF1T2TAL,EG,1.6
2022-05-22 18:50,EG34,EGUT0CVS4,EG,2.0
2022-05-22 18:57,OO04,NOXFGCAQV,NO,2.4
2022-05-22 19:18,OO01,OOZSJ49IT,OO,2.3
2022-05-22 19:42,MO02,MOV86WZS3,MO,1.35
2022-05-22 20:28,EG38,EG7UR23GD,EG,1.4
2022-05-22 20:50,NAO06,NOQLL8OS9,NO,2.5
2022-05-22 21:06,NO12,MOV86WZS3,MO,3.35
2022-05-22 21:16,NAO15,OO3KKV9RF,OO,2.5
2022-05-22 21:41,NAO01,NAONSM43D8,NAO,2.5
2022-05-22 21:57,NAO04,NAOP0J43D5,NAO,2.5
2022-05-22 22:01,EG10,EGSEIMVIH,EG,0.9
2022-05-22 22:08,OO03,EGUT0CVS4,EG,2.4
2022-05-22 23:01,EG37,NOE1V2ISQ,NO,1.4
2022-05-22 23:40,MO04,MOJCKJLTE,MO,2.1
2022-05-23 00:51,AM05,AMH9SDBDW,AM,3.6
2022-05-23 00:54,EG37,EGIGQPKI7,EG,1.4
2022-05-23 01:17,EG21,EGYTJXEPQ,EG,1.6
2022-05-23 01:25,NAO12,NAOURTP0LZ,NAO,2.5
2022-05-23 01:31,MO09,MOV86WZS3,MO,2.7
2022-05-23 01:38,KO01,NOXFGCAQV,NO,3.4
2022-05-23 01:52,NAO16,EGUT0CVS4,EG,2.5
2022-05-23 02:16,EG30,EG7UR23GD,EG,1.5
2022-05-23 02:40,EG05,EGIGQPKI7,EG,1.7
2022-05-23 02:45,EG26,NOE1V2ISQ,NO,1.8
2022-05-23 03:53,OO04,OOQ0OXFQ8,OO,2.4
2022-05-23 04:05,NO01,NORCBPLJD,NO,3.85
2022-05-23 04:24,KO02,NAOLY8OZCY,NAO,3.4
2022-05-23 04:35,NAO19,NOXFGCAQV,NO,2.5
2022-05-23 04:42,KO01,OO3KKV9RF,OO,3.4
2022-05-23 04:58,MO05,NAOP0J43D5,NAO,2.6
2022-05-23 05:17,OO03,EGUT0CVS4,EG,2.4
2022-05-23 05:20,AM02,NOQLL8OS9,NO,2.0
2022-05-23 06:05,MO03,MOJCKJLTE,MO,2.1
2022-05-23 06:15,KO08,KONCXLL4Z,KO,1.85
2022-05-23 06:19,KO04,NOE1V2ISQ,NO,2.95
2022-05-23 06:21,NAO34,NOXFGCAQV,NO,2.5
2022-05-23 07:34,NAO19,EGYTJXEPQ,EG,2.5
2022-05-23 07:42,NO07,NAOP0J43D5,NAO,3.55
2022-05-23 08:20,AM01,AMHJ7XVG0,AM,2.0
2022-05-23 08:26,OO01,OO7PZE9VI,OO,2.3
2022-05-23 08:30,KO07,NAOP0J43D5,NAO,1.85
2022-05-23 08:56,NO14,NO7PTX63C,NO,4.15
2022-05-23 09:07,KO09,KONCXLL4Z,KO,2.05
2022-05-23 09:20,AM08,AMHJ7XVG0,AM,2.8
2022-05-23 09:39,NAO24,NAONSM43D8,NAO,2.5
2022-05-23 10:24,AM09,OO3KKV9RF,OO,3.1
2022-05-23 10:29,EG18,NAOBMYOFQE,NAO,2.1
2022-05-23 10:52,NO11,NOXFGCAQV,NO,3.35
2022-05-23 10:55,NO02,NOXFGCAQV,NO,3.85
2022-05-23 11:01,EG37,NOE1V2ISQ,NO,1.4
2022-05-23 11:53,NO11,NOXFGCAQV,NO,3.35
2022-05-23 12:04,NO07,NAO09SKDGI,NAO,3.55
2022-05-23 12:20,NO14,EG9CHJ755,EG,4.15
2022-05-23 12:42,EG24,EGF1T2TAL,EG,1.4
2022-05-23 12:43,KO07,NAOP0J43D5,NAO,1.85
2022-05-23 12:55,EG14,KOWKTAKPU,KO,1.2
2022-05-23 13:44,KO07,NAOURTP0LZ,NAO,1.85
2022-05-23 13:58,EG21,NAOP0J43D5,NAO,1.6
2022-05-23 14:28,EG38,EG7UR23GD,EG,1.4
2022-05-23 15:00,EG24,EGVWPVS7H,EG,1.4
2022-05-23 15:03,GE02,GEX7EEDTJ,GE,14.7
2022-05-23 15:27,AM05,AMHJ7XVG0,AM,3.6
2022-05-23 15:35,AM05,AMLJH75LX,AM,3.6
2022-05-23 17:31,NAO36,EGVWPVS7H,EG,2.5
2022-05-23 17:36,EG21,NORCBPLJD,NO,1.6
2022-05-23 17:44,EG21,EGSEIMVIH,EG,1.6
2022-05-23 18:29,NAO16,EGIGQPKI7,EG,2.5
2022-05-23 18:38,NAO11,NAO09SKDGI,NAO,2.5
2022-05-23 19:02,KO04,NAOURTP0LZ,NAO,2.95
2022-05-23 19:04,EG06,EGC11ERTJ,EG,1.7
2022-05-23 19:06,OO02,NAOLY8OZCY,NAO,2.3
2022-05-23 19:16,KO04,MOJCKJLTE,MO,2.95
2022-05-23 19:41,OO01,OOZSJ49IT,OO,2.3
2022-05-23 19:51,NO01,NOE1V2ISQ,NO,3.85
2022-05-23 20:23,AM07,OO1B0Z3NX,OO,2.8
2022-05-23 20:45,OO10,OOQ0OXFQ8,OO,2.5
2022-05-23 21:12,NO10,NAOVZ41NAM,NAO,4.2
2022-05-23 21:20,AM06,AMH9SDBDW,AM,3.6
2022-05-23 21:34,AM08,AMXAJI0Y6,AM,2.8
2022-05-23 21:45,EG06,EGVWPVS7H,EG,1.7
2022-05-23 21:50,NO12,NOQLL8OS9,NO,3.35
2022-05-23 22:22,NAO03,NAOLY8OZCY,NAO,2.5
2022-05-23 22:43,NAO22,NAOVZ41NAM,NAO,2.5
2022-05-23 23:01,EG35,NAOP0J43D5,NAO,1.0
2022-05-24 00:31,NAO39,EGIGQPKI7,EG,2.5
2022-05-24 01:02,KO02,KOIXA11DP,KO,3.4
2022-05-24 01:08,KO02,AMHJ7XVG0,AM,3.4
2022-05-24 01:53,EG16,NAO09SKDGI,NAO,1.2
2022-05-24 03:40,NAO24,NAO5ZJA8DZ,NAO,2.5
2022-05-24 03:45,KO10,KONCXLL4Z,KO,2.05
2022-05-24 04:16,NAO05,KONCXLL4Z,KO,2.5
2022-05-24 04:47,NO01,NOE1V2ISQ,NO,3.85
2022-05-24 04:48,KO09,EGIGQPKI7,EG,2.05
2022-05-24 04:52,EG09,AMXAJI0Y6,AM,0.9
2022-05-24 04:56,KO10,KONCXLL4Z,KO,2.05
2022-05-24 05:15,NAO09,NAO5UQPGB7,NAO,2.5
2022-05-24 05:15,OO04,OOZSJ49IT,OO,2.4
2022-05-24 05:19,OO01,OOZSJ49IT,OO,2.3
2022-05-24 05:30,NO06,EGRHOCN9J,EG,3.25
2022-05-24 06:02,AM06,AMXAJI0Y6,AM,3.6
2022-05-24 06:51,KO03,KONCXLL4Z,KO,2.95
2022-05-24 06:57,NO02,NORCBPLJD,NO,3.85
2022-05-24 06:58,NAO09,NAOP0J43D5,NAO,2.5
2022-05-24 07:05,KO03,KONCXLL4Z,KO,2.95
2022-05-24 07:14,OO04,OOZSJ49IT,OO,2.4
2022-05-24 07:31,EG21,EGSEIMVIH,EG,1.6
2022-05-24 07:51,KO02,EG9CHJ755,EG,3.4
2022-05-24 07:57,MO06,MOV86WZS3,MO,2.6
2022-05-24 07:58,NAO06,NAO5UQPGB7,NAO,2.5
2022-05-24 08:13,EG11,OO1B0Z3NX,OO,0.5
2022-05-24 08:17,GE01,GEX7EEDTJ,GE,14.7
2022-05-24 08:22,EG29,EG7UR23GD,EG,1.5
2022-05-24 09:07,NO05,NOX6GVWRD,NO,3.25
2022-05-24 09:12,NO01,NOXFGCAQV,NO,3.85
2022-05-24 09:34,KO08,KOJDP0LVS,KO,1.85
2022-05-24 09:58,EG31,EGC11ERTJ,EG,1.4
2022-05-24 10:29,AM02,AMH9SDBDW,AM,2.0
2022-05-24 10:41,EG12,EGC11ERTJ,EG,0.5
2022-05-24 10:56,NO01,NAOVZ41NAM,NAO,3.85
2022-05-24 11:35,NAO24,NORCBPLJD,NO,2.5
2022-05-24 11:50,GE02,AMNT3W5UZ,AM,14.7
2022-05-24 11:55,NAO29,NO7PTX63C,NO,2.5
2022-05-24 13:47,AM06,AMXAJI0Y6,AM,3.6
2022-05-24 14:13,NAO10,NAO5UQPGB7,NAO,2.5
2022-05-24 14:22,NAO04,NAOP0J43D5,NAO,2.5
2022-05-24 15:13,AM01,NAO5UQPGB7,NAO,2.0
2022-05-24 15:38,EG31,OOQ0OXFQ8,OO,1.4
2022-05-24 16:03,AM05,AMV3A3ZMF,AM,3.6
2022-05-24 16:04,EG06,EGIGQPKI7,EG,1.7
2022-05-24 16:11,NO14,NO7PTX63C,NO,4.15
2022-05-24 16:42,OO02,NOQLL8OS9,NO,2.3
2022-05-24 16:49,NAO08,NAO5ZJA8DZ,NAO,2.5
2022-05-24 17:01,NAO09,NAO09SKDGI,NAO,2.5
2022-05-24 17:09,EG33,EGIGQPKI7,EG,2.0
2022-05-24 17:45,NAO03,NAOLY8OZCY,NAO,2.5
2022-05-24 17:53,AM05,NAOURTP0LZ,NAO,3.6
2022-05-24 18:01,EG30,EG7UR23GD,EG,1.5
2022-05-24 19:35,EG06,KOWKTAKPU,KO,1.7
2022-05-24 19:39,NAO27,NAO5UQPGB7,NAO,2.5
2022-05-24 19:50,EG08,EGVWPVS7H,EG,1.8
2022-05-24 19:56,KO06,KONCXLL4Z,KO,1.9
2022-05-24 20:10,NO13,NOXFGCAQV,NO,4.15
2022-05-24 20:11,AM07,AMLJH75LX,AM,2.8
2022-05-24 20:34,KO05,KOWM31YIH,KO,1.9
2022-05-24 21:01,AM06,AMHJ7XVG0,AM,3.6
2022-05-24 21:16,NAO26,NAOHAFEYUH,NAO,2.5
2022-05-24 22:33,KO06,KONCXLL4Z,KO,1.9
2022-05-24 23:14,EG12,EGSEIMVIH,EG,0.5
2022-05-24 23:51,MO08,MOV86WZS3,MO,3.15
2022-05-24 23:52,NAO03,EGF1T2TAL,EG,2.5
2022-05-24 23:56,MO05,MOV86WZS3,MO,2.6
2022-05-25 00:59,EG11,OO1B0Z3NX,OO,0.5
2022-05-25 01:19,NAO32,NORCBPLJD,NO,2.5
2022-05-25 01:25,EG38,GEL6246HI,GE,1.4
2022-05-25 01:41,OO09,EGVWPVS7H,EG,2.5
2022-05-25 02:13,EG03,EGC11ERTJ,EG,1.2
2022-05-25 03:06,KO06,KONCXLL4Z,KO,1.9
2022-05-25 03:11,NAO03,EG9CHJ755,EG,2.5
2022-05-25 03:29,NO14,OO1B0Z3NX,OO,4.15
2022-05-25 03:59,EG05,EGIGQPKI7,EG,1.7
2022-05-25 04:16,EG15,NOXFGCAQV,NO,1.2
2022-05-25 04:24,NAO36,AMHJ7XVG0,AM,2.5
2022-05-25 04:35,NAO18,NAOBMYOFQE,NAO,2.5
2022-05-25 04:38,NAO29,OOZSJ49IT,OO,2.5
2022-05-25 04:38,KO03,KONCXLL4Z,KO,2.95
2022-05-25 04:41,NAO40,EGRHOCN9J,EG,2.5
2022-05-25 04:48,NAO30,NAONSM43D8,NAO,2.5
2022-05-25 05:11,EG03,EG7UR23GD,EG,1.2
2022-05-25 05:15,EG09,NAOP0J43D5,NAO,0.9
2022-05-25 05:48,NAO06,NAO5UQPGB7,NAO,2.5
2022-05-25 06:00,NO04,EGVWPVS7H,EG,3.25
2022-05-25 06:01,NAO22,NAO5ZJA8DZ,NAO,2.5
2022-05-25 06:16,NO13,NO7PTX63C,NO,4.15
2022-05-25 06:24,NAO03,NAOLY8OZCY,NAO,2.5
2022-05-25 07:15,EG25,EGUT0CVS4,EG,1.8
2022-05-25 07:32,AM08,AMHJ7XVG0,AM,2.8
2022-05-25 08:17,EG14,NAOHAFEYUH,NAO,1.2
2022-05-25 08:19,EG24,EGVWPVS7H,EG,1.4
2022-05-25 08:27,EG33,EGF1T2TAL,EG,2.0
2022-05-25 08:47,NAO09,MOJCKJLTE,MO,2.5
2022-05-25 08:48,EG02,EGIGQPKI7,EG,3.0
2022-05-25 09:22,AM05,AMH9SDBDW,AM,3.6
2022-05-25 09:34,OO10,OOZSJ49IT,OO,2.5
2022-05-25 09:58,AM10,AMXAJI0Y6,AM,3.1
2022-05-25 10:11,NAO39,NAOURTP0LZ,NAO,2.5
2022-05-25 10:14,AM05,AMV3A3ZMF,AM,3.6
2022-05-25 11:23,MO03,MOV86WZS3,MO,2.1
2022-05-25 11:39,NO01,NORCBPLJD,NO,3.85
2022-05-25 12:20,KO02,KOIXA11DP,KO,3.4
2022-05-25 13:02,EG02,EGIGQPKI7,EG,3.0
2022-05-25 13:35,KO01,KONCXLL4Z,KO,3.4
2022-05-25 13:45,NAO33,NAOURTP0LZ,NAO,2.5
2022-05-25 14:38,NAO41,EGUT0CVS4,EG,2.5
2022-05-25 14:42,EG02,NAONSM43D8,NAO,3.0
2022-05-25 14:43,NO04,MOV86WZS3,MO,3.25
2022-05-25 14:55,EG36,MOJCKJLTE,MO,1.0
2022-05-25 15:18,MO10,MOV86WZS3,MO,2.7
2022-05-25 15:46,NAO09,NAONSM43D8,NAO,2.5
2022-05-25 16:02,NAO26,NAOHAFEYUH,NAO,2.5
2022-05-25 16:25,EG07,EGUT0CVS4,EG,1.8
2022-05-25 18:02,MO05,MOJCKJLTE,MO,2.6
2022-05-25 18:25,NAO39,NAOLY8OZCY,NAO,2.5
2022-05-25 18:50,AM01,AMNT3W5UZ,AM,2.0
2022-05-25 19:18,NO03,NOE1V2ISQ,NO,3.25
2022-05-25 20:24,AM06,EGVWPVS7H,EG,3.6
2022-05-25 20:25,OO06,OOQ0OXFQ8,OO,3.5
2022-05-25 20:57,AM03,EGC11ERTJ,EG,2.2
2022-05-25 20:57,EG17,KOWM31YIH,KO,2.1
2022-05-25 21:15,NO08,NOQLL8OS9,NO,3.55
2022-05-25 21:36,NAO28,NAOHAFEYUH,NAO,2.5
2022-05-25 21:40,EG38,AMLJH75LX,AM,1.4
2022-05-25 22:15,KO07,KONCXLL4Z,KO,1.85
2022-05-25 22:19,NAO04,OOQ0OXFQ8,OO,2.5
2022-05-25 22:27,NAO10,NAOLY8OZCY,NAO,2.5
2022-05-25 22:48,AM06,EGVWPVS7H,EG,3.6
2022-05-25 22:58,EG29,EGC11ERTJ,EG,1.5
2022-05-25 23:17,OO07,OO3KKV9RF,OO,1.9
2022-05-25 23:28,EG05,EGIGQPKI7,EG,1.7
2022-05-25 23:39,EG06,NO7PTX63C,NO,1.7
2022-05-26 00:24,KO06,NORCBPLJD,NO,1.9
2022-05-26 00:25,MO02,OOZSJ49IT,OO,1.35
2022-05-26 00:44,NAO19,NOXFGCAQV,NO,2.5
2022-05-26 00:47,AM09,NOQLL8OS9,NO,3.1
2022-05-26 00:52,EG19,NAOBMYOFQE,NAO,1.4
2022-05-26 01:51,NAO31,GEL6246HI,GE,2.5
2022-05-26 03:03,NAO05,NAO5ZJA8DZ,NAO,2.5
2022-05-26 03:34,EG03,EGUT0CVS4,EG,1.2
2022-05-26 04:13,NO07,NO7PTX63C,NO,3.55
2022-05-26 04:54,NAO24,NORCBPLJD,NO,2.5
2022-05-26 05:01,NAO03,NAOURTP0LZ,NAO,2.5
2022-05-26 05:04,EG11,EGIGQPKI7,EG,0.5
2022-05-26 05:27,EG25,NAOHL1N13J,NAO,1.8
2022-05-26 05:37,EG13,EGYTJXEPQ,EG,1.2
2022-05-26 05:44,NAO03,EG9CHJ755,EG,2.5
2022-05-26 05:50,NAO09,EGRHOCN9J,EG,2.5
2022-05-26 06:27,NAO37,NAOHL1N13J,NAO,2.5
2022-05-26 06:28,OO01,OO3KKV9RF,OO,2.3
2022-05-26 07:16,NO12,NOXFGCAQV,NO,3.35
2022-05-26 07:36,EG10,NAO09SKDGI,NAO,0.9
2022-05-26 07:40,MO05,MOJCKJLTE,MO,2.6
2022-05-26 08:26,KO01,KOJDP0LVS,KO,3.4
2022-05-26 08:41,NAO26,NAOHAFEYUH,NAO,2.5
2022-05-26 08:46,OO10,OOQ0OXFQ8,OO,2.5
2022-05-26 08:51,NAO22,NAOHL1N13J,NAO,2.5
2022-05-26 09:01,NO09,EG7UR23GD,EG,4.2
2022-05-26 09:06,NO06,NOE1V2ISQ,NO,3.25
2022-05-26 09:17,NAO07,NAOP0J43D5,NAO,2.5
2022-05-26 09:39,NO05,NO7PTX63C,NO,3.25
2022-05-26 10:47,EG28,EGIGQPKI7,EG,1.4
2022-05-26 11:15,NAO01,NAOBMYOFQE,NAO,2.5
2022-05-26 11:20,AM03,AMH9SDBDW,AM,2.2
2022-05-26 11:29,OO08,OO3KKV9RF,OO,1.9
2022-05-26 11:51,MO08,KONCXLL4Z,KO,3.15
2022-05-26 12:03,AM08,OOZSJ49IT,OO,2.8
2022-05-26 12:31,EG08,EGVWPVS7H,EG,1.8
2022-05-26 12:33,GE02,OO3KKV9RF,OO,14.7
2022-05-26 12:42,AM06,NAOBMYOFQE,NAO,3.6
2022-05-26 12:57,OO01,OOZSJ49IT,OO,2.3
2022-05-26 13:06,KO04,KOWKTAKPU,KO,2.95
2022-05-26 13:47,NO05,NAOURTP0LZ,NAO,3.25
2022-05-26 14:05,OO06,KOJDP0LVS,KO,3.5
2022-05-26 14:54,NAO01,NAONSM43D8,NAO,2.5
2022-05-26 15:02,EG10,NAO09SKDGI,NAO,0.9
2022-05-26 15:09,OO03,NAOVZ41NAM,NAO,2.4
2022-05-26 15:11,KO01,KOJDP0LVS,KO,3.4
2022-05-26 15:42,EG01,NAO5UQPGB7,NAO,3.0
2022-05-26 15:43,EG36,MOJCKJLTE,MO,1.0
2022-05-26 16:39,AM02,AMV3A3ZMF,AM,2.0
2022-05-26 17:16,NAO26,NAO09SKDGI,NAO,2.5
2022-05-26 17:24,EG07,EGSEIMVIH,EG,1.8
2022-05-26 17:26,KO02,EGYTJXEPQ,EG,3.4
2022-05-26 17:32,KO09,EGIGQPKI7,EG,2.05
2022-05-26 17:49,NAO23,EG9CHJ755,EG,2.5
2022-05-26 18:04,OO06,OO7PZE9VI,OO,3.5
2022-05-26 18:11,OO10,OOQ0OXFQ8,OO,2.5
2022-05-26 18:37,NAO19,EGYTJXEPQ,EG,2.5
2022-05-26 18:43,NO05,NO7PTX63C,NO,3.25
2022-05-26 18:45,OO07,NAONSM43D8,NAO,1.9
2022-05-26 18:55,NO04,NO7PTX63C,NO,3.25
2022-05-26 19:22,NAO31,NAOURTP0LZ,NAO,2.5
2022-05-26 19:33,EG16,EGYTJXEPQ,EG,1.2
2022-05-26 20:20,EG25,EGVWPVS7H,EG,1.8
2022-05-26 20:53,KO06,EGC11ERTJ,EG,1.9
2022-05-26 21:02,AM02,AMH9SDBDW,AM,2.0
2022-05-26 21:18,OO05,OO1B0Z3NX,OO,3.5
2022-05-26 21:26,EG32,EGF1T2TAL,EG,1.4
2022-05-26 21:48,NO11,NOQLL8OS9,NO,3.35
2022-05-26 21:48,AM08,AMXAJI0Y6,AM,2.8
2022-05-26 21:59,NAO23,EG9CHJ755,EG,2.5
2022-05-26 22:18,NO11,NAOBMYOFQE,NAO,3.35
2022-05-26 22:20,MO05,MOJCKJLTE,MO,2.6
2022-05-26 22:29,NAO16,EGUT0CVS4,EG,2.5
2022-05-26 22:53,EG37,EGUT0CVS4,EG,1.4
2022-05-26 23:14,KO09,KOWM31YIH,KO,2.05
2022-05-26 23:16,NAO41,EGUT0CVS4,EG,2.5
2022-05-26 23:35,NO07,NOE1V2ISQ,NO,3.55
2022-05-26 23:41,AM08,AMXAJI0Y6,AM,2.8
2022-05-27 00:05,OO06,NO7PTX63C,NO,3.5
2022-05-27 00:10,NAO36,NAO5UQPGB7,NAO,2.5
2022-05-27 00:31,AM02,AMNT3W5UZ,AM,2.0
2022-05-27 00:33,KO08,KOWM31YIH,KO,1.85
2022-05-27 00:33,NO05,NORCBPLJD,NO,3.25
2022-05-27 00:36,EG23,EG7UR23GD,EG,1.4
2022-05-27 00:38,NAO25,OOQ0OXFQ8,OO,2.5
2022-05-27 01:25,KO02,EGYTJXEPQ,EG,3.4
2022-05-27 01:39,NAO09,NAO09SKDGI,NAO,2.5
2022-05-27 02:05,MO06,MOV86WZS3,MO,2.6
2022-05-27 02:50,EG25,EGUT0CVS4,EG,1.8
2022-05-27 03:11,EG11,OO1B0Z3NX,OO,0.5
2022-05-27 04:38,KO05,KOWM31YIH,KO,1.9
2022-05-27 04:50,NO14,NO7PTX63C,NO,4.15
2022-05-27 05:01,NO09,EGRHOCN9J,EG,4.2
2022-05-27 06:11,EG26,AMHJ7XVG0,AM,1.8
2022-05-27 06:33,AM01,AMNT3W5UZ,AM,2.0
2022-05-27 06:48,AM03,AMLJH75LX,AM,2.2
2022-05-27 06:56,NAO07,AMNT3W5UZ,AM,2.5
2022-05-27 07:50,OO01,OOZSJ49IT,OO,2.3
2022-05-27 08:00,NAO24,NORCBPLJD,NO,2.5
2022-05-27 08:09,EG38,EGUT0CVS4,EG,1.4
2022-05-27 08:33,NAO32,NAO5UQPGB7,NAO,2.5
2022-05-27 09:18,NO10,NOQLL8OS9,NO,4.2
2022-05-27 09:54,NAO09,NAO09SKDGI,NAO,2.5
2022-05-27 10:28,MO05,NAOLY8OZCY,NAO,2.6
2022-05-27 11:09,EG19,EGF1T2TAL,EG,1.4
2022-05-27 11:24,NO02,NO7PTX63C,NO,3.85
2022-05-27 11:45,OO06,OO3KKV9RF,OO,3.5
2022-05-27 11:45,OO02,OO3KKV9RF,OO,2.3
2022-05-27 12:12,NO06,NOX6GVWRD,NO,3.25
2022-05-27 12:27,EG21,NAOP0J43D5,NAO,1.6
2022-05-27 12:28,EG34,EGVWPVS7H,EG,2.0
2022-05-27 12:36,KO01,KONCXLL4Z,KO,3.4
2022-05-27 13:05,NAO24,NAONSM43D8,NAO,2.5
2022-05-27 13:38,KO09,EGUT0CVS4,EG,2.05
2022-05-27 14:08,NAO23,NAO09SKDGI,NAO,2.5
2022-05-27 14:23,EG22,NAO5UQPGB7,NAO,1.6
2022-05-27 14:35,NAO11,NAO5UQPGB7,NAO,2.5
2022-05-27 15:10,EG28,EG9CHJ755,EG,1.4
2022-05-27 15:19,KO09,KOWM31YIH,KO,2.05
2022-05-27 15:56,EG12,EGC11ERTJ,EG,0.5
2022-05-27 16:01,NO03,NOE1V2ISQ,NO,3.25
2022-05-27 16:09,NAO20,NAO5UQPGB7,NAO,2.5
2022-05-27 16:23,OO03,NAOVZ41NAM,NAO,2.4
2022-05-27 16:56,NAO41,NAOP0J43D5,NAO,2.5
2022-05-27 17:01,OO10,OOQ0OXFQ8,OO,2.5
2022-05-27 17:14,NAO04,MOV86WZS3,MO,2.5
2022-05-27 17:26,EG20,EGSEIMVIH,EG,1.4
2022-05-27 18:03,OO05,OOZSJ49IT,OO,3.5
2022-05-27 18:55,NO10,OO1B0Z3NX,OO,4.2
2022-05-27 19:01,NO01,OOQ0OXFQ8,OO,3.85
2022-05-27 20:16,KO05,KOWM31YIH,KO,1.9
2022-05-27 20:50,NAO30,NAO5ZJA8DZ,NAO,2.5
2022-05-27 20:54,AM04,EGYTJXEPQ,EG,2.2
2022-05-27 21:23,OO06,NAOHL1N13J,NAO,3.5
2022-05-27 22:03,EG34,EGIGQPKI7,EG,2.0
2022-05-27 22:03,NAO33,NAOP0J43D5,NAO,2.5
2022-05-27 22:08,NAO24,NAOHL1N13J,NAO,2.5
2022-05-27 22:46,NO05,NOX6GVWRD,NO,3.25
2022-05-27 23:31,NAO29,EGC11ERTJ,EG,2.5
2022-05-27 23:43,NAO17,NAONSM43D8,NAO,2.5
2022-05-28 00:24,EG29,EGF1T2TAL,EG,1.5
2022-05-28 00:37,NAO02,KOIXA11DP,KO,2.5
2022-05-28 01:41,AM03,MOJCKJLTE,MO,2.2
2022-05-28 01:44,AM08,EG9CHJ755,EG,2.8
2022-05-28 01:53,NO06,EGRHOCN9J,EG,3.25
2022-05-28 02:10,KO10,KOWM31YIH,KO,2.05
2022-05-28 02:32,EG06,KOWKTAKPU,KO,1.7
2022-05-28 03:32,EG18,KOIXA11DP,KO,2.1
2022-05-28 03:40,NAO06,NOQLL8OS9,NO,2.5
2022-05-28 03:51,OO05,OO3KKV9RF,OO,3.5
2022-05-28 04:00,NAO26,NAOLY8OZCY,NAO,2.5
2022-05-28 04:01,AM03,AMNT3W5UZ,AM,2.2
2022-05-28 04:06,EG21,EGYTJXEPQ,EG,1.6
2022-05-28 04:16,AM10,AMNT3W5UZ,AM,3.1
2022-05-28 05:10,NAO16,NAOHL1N13J,NAO,2.5
2022-05-28 05:16,NAO22,NAO5ZJA8DZ,NAO,2.5
2022-05-28 05:22,MO02,MOV86WZS3,MO,1.35
2022-05-28 05:26,EG34,EGIGQPKI7,EG,2.0
2022-05-28 05:45,OO08,OO3KKV9RF,OO,1.9
2022-05-28 05:52,NAO03,NAOLY8OZCY,NAO,2.5
2022-05-28 06:06,EG04,EGYTJXEPQ,EG,1.2
2022-05-28 06:17,OO02,OOZSJ49IT,OO,2.3
2022-05-28 06:22,AM02,AMHJ7XVG0,AM,2.0
2022-05-28 06:38,OO05,EG9CHJ755,EG,3.5
2022-05-28 06:46,EG24,EGVWPVS7H,EG,1.4
2022-05-28 07:12,NAO02,KOIXA11DP,KO,2.5
2022-05-28 07:28,NAO10,AMV3A3ZMF,AM,2.5
2022-05-28 07:44,NO14,OO1B0Z3NX,OO,4.15
2022-05-28 07:55,NO04,NOXFGCAQV,NO,3.25
2022-05-28 08:32,MO03,MOV86WZS3,MO,2.1
2022-05-28 09:16,NAO18,NAOHAFEYUH,NAO,2.5
2022-05-28 09:47,EG32,NAOBMYOFQE,NAO,1.4
2022-05-28 09:55,EG06,EGC11ERTJ,EG,1.7
2022-05-28 09:55,NAO17,OO1B0Z3NX,OO,2.5
2022-05-28 11:22,NO01,NAOVZ41NAM,NAO,3.85
2022-05-28 11:56,NO08,NOQLL8OS9,NO,3.55
2022-05-28 12:03,EG26,EGYTJXEPQ,EG,1.8
2022-05-28 12:16,NO10,NOQLL8OS9,NO,4.2
2022-05-28 12:25,KO01,OO3KKV9RF,OO,3.4
2022-05-28 12:53,EG01,EGRHOCN9J,EG,3.0
2022-05-28 13:14,NO07,NOE1V2ISQ,NO,3.55
2022-05-28 13:15,NAO01,NAOP0J43D5,NAO,2.5
2022-05-28 13:20,NAO04,NAOP0J43D5,NAO,2.5
2022-05-28 13:39,KO08,KONCXLL4Z,KO,1.85
2022-05-28 14:01,KO10,KOJDP0LVS,KO,2.05
2022-05-28 14:13,NO02,NOXFGCAQV,NO,3.85
2022-05-28 14:19,AM08,EGYTJXEPQ,EG,2.8
2022-05-28 14:35,EG14,NAOHAFEYUH,NAO,1.2
2022-05-28 15:00,EG18,NAO5ZJA8DZ,NAO,2.1
2022-05-28 15:17,OO04,OOZSJ49IT,OO,2.4
2022-05-28 15:19,NAO20,EG7UR23GD,EG,2.5
2022-05-28 16:08,AM07,NAOP0J43D5,NAO,2.8
2022-05-28 16:56,NO12,NOQLL8OS9,NO,3.35
2022-05-28 17:13,NO10,NAOURTP0LZ,NAO,4.2
2022-05-28 17:38,AM05,AMLJH75LX,AM,3.6
2022-05-28 17:43,MO12,AMH9SDBDW,AM,2.05
2022-05-28 18:04,NAO03,EGF1T2TAL,EG,2.5
2022-05-28 18:05,AM02,NAOBMYOFQE,NAO,2.0
2022-05-28 18:46,EG34,EGUT0CVS4,EG,2.0
2022-05-28 19:05,AM06,AMHJ7XVG0,AM,3.6
2022-05-28 19:33,OO07,OO3KKV9RF,OO,1.9
2022-05-28 20:07,OO02,OOQ0OXFQ8,OO,2.3
2022-05-28 21:02,AM04,AMLJH75LX,AM,2.2
2022-05-28 21:09,EG02,EGVWPVS7H,EG,3.0
2022-05-28 21:50,NAO32,NAO5UQPGB7,NAO,2.5
2022-05-28 21:56,KO09,KOJDP0LVS,KO,2.05
2022-05-28 22:17,NAO29,OOZSJ49IT,OO,2.5
2022-05-28 22:54,AM10,AMXAJI0Y6,AM,3.1
2022-05-28 23:05,NO10,OO1B0Z3NX,OO,4.2
2022-05-28 23:18,EG06,EGVWPVS7H,EG,1.7
2022-05-28 23:24,NAO33,NAOP0J43D5,NAO,2.5
2022-05-29 00:08,NO06,NOX6GVWRD,NO,3.25
2022-05-29 00:09,EG02,EGIGQPKI7,EG,3.0
2022-05-29 00:19,NAO01,NAOLY8OZCY,NAO,2.5
2022-05-29 00:30,NAO21,NAO5ZJA8DZ,NAO,2.5
2022-05-29 00:52,EG37,KOJDP0LVS,KO,1.4
2022-05-29 01:07,OO04,NAOVZ41NAM,NAO,2.4
2022-05-29 01:08,EG35,NAOP0J43D5,NAO,1.0
2022-05-29 01:14,NAO32,NAO5UQPGB7,NAO,2.5
2022-05-29 01:15,EG15,EGF1T2TAL,EG,1.2
2022-05-29 01:20,NAO17,NAOBMYOFQE,NAO,2.5
2022-05-29 01:48,MO08,KONCXLL4Z,KO,3.15
2022-05-29 02:52,NO11,NOXFGCAQV,NO,3.35
2022-05-29 03:39,KO03,KOIXA11DP,KO,2.95
2022-05-29 03:39,NAO06,OO7PZE9VI,OO,2.5
2022-05-29 04:05,NAO19,NAOHAFEYUH,NAO,2.5
2022-05-29 04:42,AM05,AMLJH75LX,AM,3.6
2022-05-29 04:47,AM05,AMLJH75LX,AM,3.6
2022-05-29 04:56,NO02,NO7PTX63C,NO,3.85
2022-05-29 05:33,NAO14,EG7UR23GD,EG,2.5
2022-05-29 05:33,NAO24,NORCBPLJD,NO,2.5
2022-05-29 06:06,GE02,GE5A0L725,GE,14.7
2022-05-29 07:14,EG20,EGSEIMVIH,EG,1.4
2022-05-29 07:26,NAO04,NAOP0J43D5,NAO,2.5
2022-05-29 07:58,NO10,NOXFGCAQV,NO,4.2
2022-05-29 08:15,EG13,EGYTJXEPQ,EG,1.2
2022-05-29 08:25,AM09,NORCBPLJD,NO,3.1
2022-05-29 08:45,EG24,EGF1T2TAL,EG,1.4
2022-05-29 08:45,NO10,NOQLL8OS9,NO,4.2
2022-05-29 08:52,NAO05,KONCXLL4Z,KO,2.5
2022-05-29 08:57,NAO35,NAO5ZJA8DZ,NAO,2.5
2022-05-29 09:10,EG06,NO7PTX63C,NO,1.7
2022-05-29 09:12,NO13,EGIGQPKI7,EG,4.15
2022-05-29 09:25,EG21,EG7UR23GD,EG,1.6
2022-05-29 09:38,OO08,OOQ0OXFQ8,OO,1.9
2022-05-29 09:51,OO04,OO7PZE9VI,OO,2.4
2022-05-29 10:04,AM04,EGVWPVS7H,EG,2.2
2022-05-29 11:01,NAO18,KONCXLL4Z,KO,2.5
2022-05-29 11:18,NAO11,NAO5UQPGB7,NAO,2.5
2022-05-29 11:37,OO10,AMHJ7XVG0,AM,2.5
2022-05-29 12:03,EG30,EG9CHJ755,EG,1.5
2022-05-29 12:12,NAO12,NAO09SKDGI,NAO,2.5
2022-05-29 12:51,NO07,NOE1V2ISQ,NO,3.55
2022-05-29 12:56,EG08,EGSEIMVIH,EG,1.8
2022-05-29 13:04,EG30,EG9CHJ755,EG,1.5
2022-05-29 13:15,NAO35,NAOBMYOFQE,NAO,2.5
2022-05-29 13:16,KO10,KOJDP0LVS,KO,2.05
2022-05-29 13:19,OO06,KOJDP0LVS,KO,3.5
2022-05-29 13:26,MO09,EGF1T2TAL,EG,2.7
2022-05-29 14:11,OO03,KOWM31YIH,KO,2.4
2022-05-29 14:56,EG02,NAONSM43D8,NAO,3.0
2022-05-29 14:56,OO06,OOQ0OXFQ8,OO,3.5
2022-05-29 16:01,NAO09,NAO5UQPGB7,NAO,2.5
2022-05-29 16:43,AM05,AMH9SDBDW,AM,3.6
2022-05-29 16:59,NAO33,NAOHL1N13J,NAO,2.5
2022-05-29 17:07,KO09,KOWM31YIH,KO,2.05
2022-05-29 17:14,AM08,AMHJ7XVG0,AM,2.8
2022-05-29 17:16,NAO10,AMV3A3ZMF,AM,2.5
2022-05-29 17:33,AM10,AMXAJI0Y6,AM,3.1
2022-05-29 17:36,OO03,OOZSJ49IT,OO,2.4
2022-05-29 17:37,NAO01,NAOP0J43D5,NAO,2.5
2022-05-29 17:42,EG34,EGIGQPKI7,EG,2.0
2022-05-29 17:50,AM08,AMXAJI0Y6,AM,2.8
2022-05-29 18:02,EG11,OO1B0Z3NX,OO,0.5
2022-05-29 18:04,AM08,NOE1V2ISQ,NO,2.8
2022-05-29 18:08,KO04,MOJCKJLTE,MO,2.95
2022-05-29 18:21,AM08,OOZSJ49IT,OO,2.8
2022-05-29 18:30,AM06,AMNT3W5UZ,AM,3.6
2022-05-29 18:39,MO04,MOJCKJLTE,MO,2.1
2022-05-29 18:39,EG21,EG7UR23GD,EG,1.6
2022-05-29 18:45,KO02,NAOURTP0LZ,NAO,3.4
2022-05-29 18:51,NAO30,NAOBMYOFQE,NAO,2.5
2022-05-29 18:58,NAO24,AMLJH75LX,AM,2.5
2022-05-29 19:15,AM03,AMH9SDBDW,AM,2.2
2022-05-29 19:54,OO06,OO1B0Z3NX,OO,3.5
2022-05-29 20:05,EG03,EG7UR23GD,EG,1.2
2022-05-29 20:17,MO06,MOJCKJLTE,MO,2.6
2022-05-29 20:31,EG34,AMLJH75LX,AM,2.0
2022-05-29 20:47,NAO36,NAO5UQPGB7,NAO,2.5
2022-05-29 20:55,NAO28,NAOHAFEYUH,NAO,2.5
2022-05-29 21:08,AM04,AMLJH75LX,AM,2.2
2022-05-29 21:52,AM03,AMHJ7XVG0,AM,2.2
2022-05-29 22:10,OO01,AMLJH75LX,AM,2.3
2022-05-29 22:34,EG33,EGF1T2TAL,EG,2.0
2022-05-29 22:41,NO03,NOE1V2ISQ,NO,3.25
2022-05-29 22:47,AM02,AMNT3W5UZ,AM,2.0
2022-05-29 22:57,OO04,OOQ0OXFQ8,OO,2.4
2022-05-29 23:02,OO03,OOZSJ49IT,OO,2.4
2022-05-29 23:21,OO04,OO3KKV9RF,OO,2.4
2022-05-29 23:53,AM09,OO3KKV9RF,OO,3.1
2022-05-30 00:16,EG05,EGYTJXEPQ,EG,1.7
2022-05-30 00:23,EG29,EGF1T2TAL,EG,1.5
2022-05-30 00:44,NAO23,NAONSM43D8,NAO,2.5
2022-05-30 01:06,OO08,OOZSJ49IT,OO,1.9
2022-05-30 01:12,NO04,NO7PTX63C,NO,3.25
2022-05-30 01:24,NAO31,NAOURTP0LZ,NAO,2.5
2022-05-30 01:36,MO03,MOV86WZS3,MO,2.1
2022-05-30 01:43,EG30,EGUT0CVS4,EG,1.5
2022-05-30 02:10,OO03,KOWM31YIH,KO,2.4
2022-05-30 02:20,NO01,AMNT3W5UZ,AM,3.85
2022-05-30 02:39,EG09,EGSEIMVIH,EG,0.9
2022-05-30 02:44,NAO05,NAO5ZJA8DZ,NAO,2.5
2022-05-30 02:46,EG29,EGYTJXEPQ,EG,1.5
2022-05-30 03:05,OO08,OOZSJ49IT,OO,1.9
2022-05-30 03:14,OO10,OO7PZE9VI,OO,2.5
2022-05-30 03:24,EG19,EG9CHJ755,EG,1.4
2022-05-30 03:26,AM07,NAOP0J43D5,NAO,2.8
2022-05-30 03:46,EG12,EGC11ERTJ,EG,0.5
2022-05-30 03:48,NAO28,NAONSM43D8,NAO,2.5
2022-05-30 03:50,NAO29,NAO5UQPGB7,NAO,2.5
2022-05-30 04:38,KO09,KOIXA11DP,KO,2.05
2022-05-30 05:24,NAO05,NAOLY8OZCY,NAO,2.5
2022-05-30 05:26,AM07,AMXAJI0Y6,AM,2.8
2022-05-30 05:39,EG26,NOE1V2ISQ,NO,1.8
2022-05-30 05:45,EG33,EG9CHJ755,EG,2.0
2022-05-30 05:48,EG14,KOWKTAKPU,KO,1.2
2022-05-30 05:56,OO09,KOWM31YIH,KO,2.5
2022-05-30 06:03,KO02,NAOLY8OZCY,NAO,3.4
2022-05-30 06:05,MO11,NO7PTX63C,NO,2.05
2022-05-30 06:52,EG34,EGIGQPKI7,EG,2.0
2022-05-30 06:55,OO03,KOWM31YIH,KO,2.4
2022-05-30 07:03,EG02,EGVWPVS7H,EG,3.0
2022-05-30 07:04,MO08,KONCXLL4Z,KO,3.15
2022-05-30 07:40,MO01,NO7PTX63C,NO,1.35
2022-05-30 07:40,EG02,NAONSM43D8,NAO,3.0
2022-05-30 07:50,AM06,AMH9SDBDW,AM,3.6
2022-05-30 08:04,NAO41,EGUT0CVS4,EG,2.5
2022-05-30 08:11,KO01,KOIXA11DP,KO,3.4
2022-05-30 08:46,EG33,NOE1V2ISQ,NO,2.0
2022-05-30 08:50,NAO39,EGIGQPKI7,EG,2.5
2022-05-30 09:16,KO09,KOJDP0LVS,KO,2.05
2022-05-30 09:24,AM06,NOXFGCAQV,NO,3.6
2022-05-30 09:25,EG19,OO7PZE9VI,OO,1.4
2022-05-30 09:31,EG02,NAONSM43D8,NAO,3.0
2022-05-30 09:34,NAO17,NAOBMYOFQE,NAO,2.5
2022-05-30 09:45,AM08,OOZSJ49IT,OO,2.8
2022-05-30 10:11,MO11,NO7PTX63C,NO,2.05
2022-05-30 10:14,NAO15,NOE1V2ISQ,NO,2.5
2022-05-30 10:24,NAO38,NAO5ZJA8DZ,NAO,2.5
2022-05-30 10:29,MO03,MOV86WZS3,MO,2.1
2022-05-30 11:28,NAO36,EGVWPVS7H,EG,2.5
2022-05-30 12:00,MO04,MOJCKJLTE,MO,2.1
2022-05-30 12:17,KO07,KOWKTAKPU,KO,1.85
2022-05-30 12:24,EG11,EGC11ERTJ,EG,0.5
2022-05-30 12:59,KO07,KOJDP0LVS,KO,1.85
2022-05-30 13:37,EG13,EGYTJXEPQ,EG,1.2
2022-05-30 13:40,NAO16,NAOHL1N13J,NAO,2.5
2022-05-30 13:59,OO10,OOQ0OXFQ8,OO,2.5
2022-05-30 14:01,MO08,NAOLY8OZCY,NAO,3.15
2022-05-30 14:34,NAO27,EG9CHJ755,EG,2.5
2022-05-30 14:34,OO05,EG9CHJ755,EG,3.5
2022-05-30 14:40,NAO02,NAOP0J43D5,NAO,2.5
2022-05-30 15:04,NAO25,OOQ0OXFQ8,OO,2.5
2022-05-30 15:05,EG38,EGUT0CVS4,EG,1.4
2022-05-30 15:16,AM05,AMH9SDBDW,AM,3.6
2022-05-30 15:16,NAO24,NAOHL1N13J,NAO,2.5
2022-05-30 15:17,NO01,NOE1V2ISQ,NO,3.85
2022-05-30 15:29,EG33,EGYTJXEPQ,EG,2.0
2022-05-30 15:44,OO07,NAONSM43D8,NAO,1.9
2022-05-30 15:48,NAO29,NAO5UQPGB7,NAO,2.5
2022-05-30 15:55,KO09,KOJDP0LVS,KO,2.05
2022-05-30 16:06,AM03,AMNT3W5UZ,AM,2.2
2022-05-30 16:17,NAO25,OO3KKV9RF,OO,2.5
2022-05-30 17:03,AM06,AMH9SDBDW,AM,3.6
2022-05-30 17:10,OO05,OO3KKV9RF,OO,3.5
2022-05-30 17:21,OO10,OOQ0OXFQ8,OO,2.5
2022-05-30 17:35,NAO14,NAOHAFEYUH,NAO,2.5
2022-05-30 18:11,AM03,EGSEIMVIH,EG,2.2
2022-05-30 18:17,OO02,OO3KKV9RF,OO,2.3
2022-05-30 20:02,NAO40,NAOHL1N13J,NAO,2.5
2022-05-30 20:18,KO03,NAOURTP0LZ,NAO,2.95
2022-05-30 20:41,EG28,EGIGQPKI7,EG,1.4
2022-05-30 20:48,KO04,MOJCKJLTE,MO,2.95
2022-05-30 21:59,EG21,NOXFGCAQV,NO,1.6
2022-05-30 22:20,OO01,EGYTJXEPQ,EG,2.3
2022-05-30 22:23,OO07,OOQ0OXFQ8,OO,1.9
2022-05-30 22:49,NAO22,NAOVZ41NAM,NAO,2.5
2022-05-30 23:23,NO03,NOE1V2ISQ,NO,3.25
2022-05-31 00:22,EG15,EGUT0CVS4,EG,1.2
2022-05-31 00:51,AM09,OO3KKV9RF,OO,3.1
2022-05-31 01:12,AM02,AMXAJI0Y6,AM,2.0
2022-05-31 01:15,EG13,EGUT0CVS4,EG,1.2
2022-05-31 01:35,KO10,NO7PTX63C,NO,2.05
2022-05-31 01:37,KO02,EGYTJXEPQ,EG,3.4
2022-05-31 02:03,AM05,AMHJ7XVG0,AM,3.6
2022-05-31 02:04,KO01,KOIXA11DP,KO,3.4
2022-05-31 02:15,NAO03,EG9CHJ755,EG,2.5
2022-05-31 02:35,NAO07,NAOBMYOFQE,NAO,2.5
2022-05-31 02:39,NO04,NO7PTX63C,NO,3.25
2022-05-31 03:19,OO01,OO1B0Z3NX,OO,2.3
2022-05-31 03:28,NAO29,OO3KKV9RF,OO,2.5
2022-05-31 03:39,EG33,EGF1T2TAL,EG,2.0
2022-05-31 03:44,EG28,EG9CHJ755,EG,1.4
2022-05-31 03:58,EG19,EGVWPVS7H,EG,1.4
2022-05-31 04:17,NO09,NAOBMYOFQE,NAO,4.2
2022-05-31 04:20,AM06,AMNT3W5UZ,AM,3.6
2022-05-31 04:21,NAO15,NAO09SKDGI,NAO,2.5
2022-05-31 04:37,NO03,NOXFGCAQV,NO,3.25
2022-05-31 04:44,KO09,EGIGQPKI7,EG,2.05
2022-05-31 05:26,KO10,OO1B0Z3NX,OO,2.05
2022-05-31 06:25,EG28,NAOBMYOFQE,NAO,1.4
2022-05-31 06:31,EG28,EG9CHJ755,EG,1.4
2022-05-31 06:43,OO02,OO3KKV9RF,OO,2.3
2022-05-31 07:01,NAO16,EGUT0CVS4,EG,2.5
2022-05-31 07:09,OO03,KOWM31YIH,KO,2.4
2022-05-31 07:16,EG05,EGC11ERTJ,EG,1.7
2022-05-31 08:06,EG06,KOWKTAKPU,KO,1.7
2022-05-31 08:29,EG08,EGVWPVS7H,EG,1.8
2022-05-31 09:00,NAO12,NAOBMYOFQE,NAO,2.5
2022-05-31 09:27,EG02,EGVWPVS7H,EG,3.0
2022-05-31 10:08,EG36,MOJCKJLTE,MO,1.0
2022-05-31 10:20,EG14,OO3KKV9RF,OO,1.2
2022-05-31 10:41,NAO34,MOV86WZS3,MO,2.5
2022-05-31 10:41,AM07,AMV3A3ZMF,AM,2.8
2022-05-31 10:55,NAO16,NAOBMYOFQE,NAO,2.5
2022-05-31 10:58,NAO08,AMNT3W5UZ,AM,2.5
2022-05-31 11:45,KO10,KOJDP0LVS,KO,2.05
2022-05-31 12:51,EG06,OOQ0OXFQ8,OO,1.7
2022-05-31 12:53,NAO38,NOE1V2ISQ,NO,2.5
2022-05-31 13:03,EG02,EGUT0CVS4,EG,3.0
2022-05-31 14:07,NAO17,OO1B0Z3NX,OO,2.5
2022-05-31 14:36,OO01,OOZSJ49IT,OO,2.3
2022-05-31 14:44,AM05,AMV3A3ZMF,AM,3.6
2022-05-31 14:55,NAO26,OO3KKV9RF,OO,2.5
2022-05-31 14:56,EG07,EGVWPVS7H,EG,1.8
2022-05-31 15:09,NO07,NOE1V2ISQ,NO,3.55
2022-05-31 15:17,NAO08,NAOVZ41NAM,NAO,2.5
2022-05-31 15:32,EG12,NAOP0J43D5,NAO,0.5
2022-05-31 15:49,NAO21,NAOHAFEYUH,NAO,2.5
2022-05-31 16:15,EG18,KOIXA11DP,KO,2.1
2022-05-31 17:36,NAO32,NORCBPLJD,NO,2.5
2022-05-31 17:46,AM06,EGVWPVS7H,EG,3.6
2022-05-31 18:21,GE01,NAOBMYOFQE,NAO,14.7
2022-05-31 18:28,NAO04,KOIXA11DP,KO,2.5
2022-05-31 18:34,EG27,EGYTJXEPQ,EG,1.4
2022-05-31 19:40,NAO04,KOIXA11DP,KO,2.5
2022-05-31 19:44,KO05,EGF1T2TAL,EG,1.9
2022-05-31 19:58,NAO07,NAO5ZJA8DZ,NAO,2.5
2022-05-31 20:03,EG11,EGC11ERTJ,EG,0.5
2022-05-31 21:17,KO05,OO7PZE9VI,OO,1.9
2022-05-31 21:23,NO09,NAOHL1N13J,NAO,4.2
2022-05-31 21:29,NAO32,NAO5ZJA8DZ,NAO,2.5
2022-05-31 21:44,NO10,NO7PTX63C,NO,4.2
2022-05-31 21:53,OO01,OO3KKV9RF,OO,2.3
2022-05-31 21:58,OO02,OOZSJ49IT,OO,2.3
2022-05-31 21:59,NO02,NO7PTX63C,NO,3.85
2022-05-31 22:04,EG34,EGVWPVS7H,EG,2.0
2022-05-31 22:18,NO04,KOIXA11DP,KO,3.25
2022-05-31 22:43,OO01,OO1B0Z3NX,OO,2.3
2022-05-31 23:14,EG22,NAOBMYOFQE,NAO,1.6
2022-05-31 23:19,NAO21,NAOP0J43D5,NAO,2.5
2022-05-31 23:22,EG17,EG7UR23GD,EG,2.1
2022-06-01 00:04,KO03,KOWKTAKPU,KO,2.95
2022-06-01 00:46,AM09,AMXAJI0Y6,AM,3.1
2022-06-01 01:59,EG34,EGC11ERTJ,EG,2.0
2022-06-01 02:17,EG22,EG7UR23GD,EG,1.6
2022-06-01 02:22,EG37,EGIGQPKI7,EG,1.4
2022-06-01 02:41,EG13,EGVWPVS7H,EG,1.2
2022-06-01 02:44,EG07,EG7UR23GD,EG,1.8
2022-06-01 03:12,KO05,EGC11ERTJ,EG,1.9
2022-06-01 03:30,MO09,AMV3A3ZMF,AM,2.7
2022-06-01 03:48,NAO06,NAOLY8OZCY,NAO,2.5
2022-06-01 03:53,NAO04,NAO5UQPGB7,NAO,2.5
2022-06-01 04:36,OO06,EGYTJXEPQ,EG,3.5
2022-06-01 05:08,KO08,KOJDP0LVS,KO,1.85
2022-06-01 05:48,AM04,AMH9SDBDW,AM,2.2
2022-06-01 06:03,NAO10,NAO5UQPGB7,NAO,2.5
2022-06-01 06:37,NO06,NOXFGCAQV,NO,3.25
2022-06-01 06:48,EG19,EGVWPVS7H,EG,1.4
2022-06-01 06:57,NAO30,NAONSM43D8,NAO,2.5
2022-06-01 07:51,EG10,EGIGQPKI7,EG,0.9
2022-06-01 08:32,NAO39,AMXAJI0Y6,AM,2.5
2022-06-01 09:17,EG26,EG7UR23GD,EG,1.8
2022-06-01 10:01,EG20,EGIGQPKI7,EG,1.4
2022-06-01 10:11,NAO07,NAO5ZJA8DZ,NAO,2.5
2022-06-01 10:27,AM03,AMLJH75LX,AM,2.2
2022-06-01 10:41,KO04,KOIXA11DP,KO,2.95
2022-06-01 10:49,EG28,NAOBMYOFQE,NAO,1.4
2022-06-01 11:12,KO06,NORCBPLJD,NO,1.9
2022-06-01 11:28,NAO36,AMHJ7XVG0,AM,2.5
2022-06-01 11:49,KO05,KOWKTAKPU,KO,1.9
2022-06-01 12:04,NAO09,EGRHOCN9J,EG,2.5
2022-06-01 12:23,NO09,NAOHL1N13J,NAO,4.2
2022-06-01 12:28,EG13,EGUT0CVS4,EG,1.2
2022-06-01 12:39,EG34,EGUT0CVS4,EG,2.0
2022-06-01 12:51,EG18,EGC11ERTJ,EG,2.1
2022-06-01 13:10,NAO34,NOXFGCAQV,NO,2.5
2022-06-01 13:29,OO06,OOQ0OXFQ8,OO,3.5
2022-06-01 14:03,NO09,EG7UR23GD,EG,4.2
2022-06-01 14:04,AM03,EGC11ERTJ,EG,2.2
2022-06-01 14:18,OO08,OO3KKV9RF,OO,1.9
2022-06-01 14:24,EG21,NOXFGCAQV,NO,1.6
2022-06-01 14:48,NAO09,NOX6GVWRD,NO,2.5
2022-06-01 15:01,NAO05,NAOLY8OZCY,NAO,2.5
2022-06-01 15:15,AM07,AMXAJI0Y6,AM,2.8
2022-06-01 15:57,NAO23,NAOHL1N13J,NAO,2.5
2022-06-01 16:39,EG19,EGYTJXEPQ,EG,1.4
2022-06-01 17:01,EG10,EGYTJXEPQ,EG,0.9
2022-06-01 17:21,EG33,NOE1V2ISQ,NO,2.0
2022-06-01 18:18,OO02,OOQ0OXFQ8,OO,2.3
2022-06-01 18:19,MO06,MOV86WZS3,MO,2.6
2022-06-01 20:13,NAO26,NAOLY8OZCY,NAO,2.5
2022-06-01 20:40,OO05,OO3KKV9RF,OO,3.5
2022-06-01 20:46,NAO03,NAOLY8OZCY,NAO,2.5
2022-06-01 21:01,OO07,OO3KKV9RF,OO,1.9
2022-06-01 21:05,AM02,AMLJH75LX,AM,2.0
2022-06-01 21:15,NAO04,NAO5UQPGB7,NAO,2.5
2022-06-01 21:30,NAO41,NAOHL1N13J,NAO,2.5
2022-06-01 21:41,AM07,AMLJH75LX,AM,2.8
2022-06-01 22:05,OO02,NAOLY8OZCY,NAO,2.3
2022-06-01 22:50,MO02,NAOHL1N13J,NAO,1.35
2022-06-01 23:00,AM02,EGVWPVS7H,EG,2.0
2022-06-01 23:14,AM02,NOQLL8OS9,NO,2.0
2022-06-01 23:19,KO03,KOWKTAKPU,KO,2.95
2022-06-01 23:42,OO03,KOWM31YIH,KO,2.4
2022-06-01 23:51,EG05,EGIGQPKI7,EG,1.7
2022-06-02 00:19,NAO08,NAOVZ41NAM,NAO,2.5
2022-06-02 00:26,NO11,NOXFGCAQV,NO,3.35
2022-06-02 00:51,EG19,KONCXLL4Z,KO,1.4
2022-06-02 00:55,EG15,EGVWPVS7H,EG,1.2
2022-06-02 01:40,EG06,EGC11ERTJ,EG,1.7
2022-06-02 01:49,NAO08,NAOURTP0LZ,NAO,2.5
2022-06-02 01:58,NAO21,NAO5ZJA8DZ,NAO,2.5
2022-06-02 02:12,NO07,NAO09SKDGI,NAO,3.55
2022-06-02 02:34,NAO26,NAO09SKDGI,NAO,2.5
2022-06-02 02:36,KO07,EGC11ERTJ,EG,1.85
2022-06-02 03:33,AM02,AMLJH75LX,AM,2.0
2022-06-02 03:34,KO09,KOWM31YIH,KO,2.05
2022-06-02 03:56,OO10,OOQ0OXFQ8,OO,2.5
2022-06-02 04:25,EG37,KOJDP0LVS,KO,1.4
2022-06-02 04:41,EG10,EG9CHJ755,EG,0.9
2022-06-02 04:44,MO06,MOJCKJLTE,MO,2.6
2022-06-02 04:55,NAO16,NAOBMYOFQE,NAO,2.5
2022-06-02 05:38,EG16,EGYTJXEPQ,EG,1.2
2022-06-02 06:30,NO07,NOE1V2ISQ,NO,3.55
2022-06-02 06:36,NO05,AMNT3W5UZ,AM,3.25
2022-06-02 06:37,EG13,KONCXLL4Z,KO,1.2
2022-06-02 07:30,EG31,OOQ0OXFQ8,OO,1.4
2022-06-02 07:33,EG21,AMH9SDBDW,AM,1.6
2022-06-02 07:35,OO01,OO7PZE9VI,OO,2.3
2022-06-02 07:44,OO01,OO3KKV9RF,OO,2.3
2022-06-02 07:50,NAO10,NAO5UQPGB7,NAO,2.5
2022-06-02 08:41,EG09,NAOP0J43D5,NAO,0.9
2022-06-02 08:51,NAO25,NAO09SKDGI,NAO,2.5
2022-06-02 10:57,NAO19,NAOHAFEYUH,NAO,2.5
2022-06-02 10:59,KO04,NAOURTP0LZ,NAO,2.95
2022-06-02 11:05,AM06,AMH9SDBDW,AM,3.6
2022-06-02 12:10,NAO28,NAOHAFEYUH,NAO,2.5
2022-06-02 12:14,MO05,MOV86WZS3,MO,2.6
2022-06-02 12:23,AM02,AMXAJI0Y6,AM,2.0
2022-06-02 12:36,NO01,OOQ0OXFQ8,OO,3.85
2022-06-02 12:38,NAO37,AMNT3W5UZ,AM,2.5
2022-06-02 12:56,OO06,EGYTJXEPQ,EG,3.5
2022-06-02 13:13,AM06,AMXAJI0Y6,AM,3.6
2022-06-02 13:56,EG18,NAOBMYOFQE,NAO,2.1
2022-06-02 14:33,OO05,OOZSJ49IT,OO,3.5
2022-06-02 14:41,AM07,AMXAJI0Y6,AM,2.8
2022-06-02 14:48,NAO39,AMNT3W5UZ,AM,2.5
2022-06-02 16:18,EG19,OO7PZE9VI,OO,1.4
2022-06-02 16:32,GE01,GEJA1WJ0T,GE,14.7
2022-06-02 17:03,KO10,KOWM31YIH,KO,2.05
2022-06-02 17:38,NAO38,NAONSM43D8,NAO,2.5
2022-06-02 18:08,OO06,OO1B0Z3NX,OO,3.5
2022-06-02 18:11,OO07,NAOLY8OZCY,NAO,1.9
2022-06-02 18:22,NO05,KOWKTAKPU,KO,3.25
2022-06-02 18:27,NAO38,NAO5ZJA8DZ,NAO,2.5
2022-06-02 18:33,NAO21,NAOLY8OZCY,NAO,2.5
2022-06-02 18:34,OO10,OOQ0OXFQ8,OO,2.5
2022-06-02 19:01,OO07,OO1B0Z3NX,OO,1.9
2022-06-02 19:19,EG24,EGVWPVS7H,EG,1.4
2022-06-02 19:19,MO05,NAOP0J43D5,NAO,2.6
2022-06-02 19:35,KO10,OO1B0Z3NX,OO,2.05
2022-06-02 20:38,NAO28,NAOHAFEYUH,NAO,2.5
2022-06-02 20:56,NAO22,NAOHL1N13J,NAO,2.5
2022-06-02 21:05,NO06,NOX6GVWRD,NO,3.25
2022-06-02 21:14,AM01,NAO5UQPGB7,NAO,2.0
2022-06-02 21:28,NO12,AMXAJI0Y6,AM,3.35
2022-06-02 22:05,OO08,OO3KKV9RF,OO,1.9
2022-06-02 22:39,AM08,OOZSJ49IT,OO,2.8
2022-06-02 23:03,EG28,EG9CHJ755,EG,1.4
2022-06-02 23:36,EG17,OO3KKV9RF,OO,2.1
2022-06-02 23:40,EG36,EGUT0CVS4,EG,1.0
2022-06-03 00:07,AM07,AMV3A3ZMF,AM,2.8
2022-06-03 00:11,KO03,OO1B0Z3NX,OO,2.95
2022-06-03 00:13,EG13,EGYTJXEPQ,EG,1.2
2022-06-03 00:20,NO13,NO7PTX63C,NO,4.15
2022-06-03 00:31,AM04,MOJCKJLTE,MO,2.2
2022-06-03 00:33,EG23,NAOURTP0LZ,NAO,1.4
2022-06-03 00:38,NAO23,EG9CHJ755,EG,2.5
2022-06-03 00:40,MO02,NAOHL1N13J,NAO,1.35
2022-06-03 00:59,OO10,OOQ0OXFQ8,OO,2.5
2022-06-03 01:15,OO02,OOQ0OXFQ8,OO,2.3
2022-06-03 01:16,EG31,EGC11ERTJ,EG,1.4
2022-06-03 01:44,OO07,OO3KKV9RF,OO,1.9
2022-06-03 01:50,NAO22,NAOVZ41NAM,NAO,2.5
2022-06-03 02:03,AM03,MOJCKJLTE,MO,2.2
2022-06-03 02:42,NO11,NOE1V2ISQ,NO,3.35
2022-06-03 02:48,AM04,AMH9SDBDW,AM,2.2
2022-06-03 03:30,OO03,AMXAJI0Y6,AM,2.4
2022-06-03 03:57,NAO04,NAOP0J43D5,NAO,2.5
2022-06-03 04:22,EG21,EGYTJXEPQ,EG,1.6
2022-06-03 04:30,NAO07,NAO5ZJA8DZ,NAO,2.5
2022-06-03 04:32,AM06,EGVWPVS7H,EG,3.6
2022-06-03 04:51,AM01,NOE1V2ISQ,NO,2.0
2022-06-03 05:42,EG06,EG9CHJ755,EG,1.7
2022-06-03 05:51,EG36,EGUT0CVS4,EG,1.0
2022-06-03 06:17,AM01,AMHJ7XVG0,AM,2.0
2022-06-03 06:52,AM08,OO7PZE9VI,OO,2.8
2022-06-03 07:21,EG22,EGVWPVS7H,EG,1.6
2022-06-03 08:19,AM06,AMXAJI0Y6,AM,3.6
2022-06-03 08:22,NAO21,NAOHAFEYUH,NAO,2.5
2022-06-03 08:23,MO03,MOJCKJLTE,MO,2.1
2022-06-03 08:27,OO02,OOQ0OXFQ8,OO,2.3
2022-06-03 09:07,AM02,AMHJ7XVG0,AM,2.0
2022-06-03 09:12,EG30,EGUT0CVS4,EG,1.5
2022-06-03 09:26,OO10,OOQ0OXFQ8,OO,2.5
2022-06-03 09:27,EG23,EG7UR23GD,EG,1.4
2022-06-03 09:32,NO06,NO7PTX63C,NO,3.25
2022-06-03 10:12,EG08,AMXAJI0Y6,AM,1.8
2022-06-03 10:50,KO09,EGIGQPKI7,EG,2.05
2022-06-03 11:12,OO06,OO1B0Z3NX,OO,3.5
2022-06-03 11:21,KO07,KOWKTAKPU,KO,1.85
2022-06-03 12:16,NAO18,NAOHAFEYUH,NAO,2.5
2022-06-03 12:37,OO08,OO7PZE9VI,OO,1.9
2022-06-03 13:02,EG23,EG7UR23GD,EG,1.4
2022-06-03 13:11,MO08,NAOLY8OZCY,NAO,3.15
2022-06-03 13:21,NO01,NOE1V2ISQ,NO,3.85
2022-06-03 13:36,EG37,NOE1V2ISQ,NO,1.4
2022-06-03 14:16,MO06,MOJCKJLTE,MO,2.6
2022-06-03 14:43,NAO41,NAOHL1N13J,NAO,2.5
2022-06-03 14:58,EG35,NAOP0J43D5,NAO,1.0
2022-06-03 15:10,EG21,NORCBPLJD,NO,1.6
2022-06-03 15:10,NAO38,NAO5ZJA8DZ,NAO,2.5
2022-06-03 15:23,OO04,OOZSJ49IT,OO,2.4
2022-06-03 16:27,NAO15,NAO09SKDGI,NAO,2.5
2022-06-03 17:41,AM05,AMH9SDBDW,AM,3.6
2022-06-03 17:41,AM04,KOWKTAKPU,KO,2.2
2022-06-03 17:47,KO07,NAOURTP0LZ,NAO,1.85
2022-06-03 18:07,KO07,NAOURTP0LZ,NAO,1.85
2022-06-03 18:07,NAO06,OO7PZE9VI,OO,2.5
2022-06-03 18:09,NAO32,EG7UR23GD,EG,2.5
2022-06-03 18:17,EG36,EGC11ERTJ,EG,1.0
2022-06-03 18:50,NAO31,NAO09SKDGI,NAO,2.5
2022-06-03 18:52,NAO06,NAOHAFEYUH,NAO,2.5
2022-06-03 20:13,OO10,OOQ0OXFQ8,OO,2.5
2022-06-03 20:22,NAO14,NAONSM43D8,NAO,2.5
2022-06-03 20:54,NAO16,NAOBMYOFQE,NAO,2.5
2022-06-03 21:08,KO10,KOIXA11DP,KO,2.05
2022-06-03 21:22,EG38,GEL6246HI,GE,1.4
2022-06-03 21:37,EG29,AMH9SDBDW,AM,1.5
2022-06-03 21:38,EG12,EGSEIMVIH,EG,0.5
2022-06-03 21:44,KO06,NORCBPLJD,NO,1.9
2022-06-03 22:15,NO06,NOX6GVWRD,NO,3.25
2022-06-03 22:26,NO07,NOE1V2ISQ,NO,3.55
2022-06-03 23:06,NO09,NOE1V2ISQ,NO,4.2
2022-06-03 23:32,NAO20,AMH9SDBDW,AM,2.5
2022-06-03 23:36,EG28,EGIGQPKI7,EG,1.4
2022-06-04 00:09,NAO39,NAOP0J43D5,NAO,2.5
2022-06-04 00:29,AM10,AMHJ7XVG0,AM,3.1
2022-06-04 01:12,EG35,EGRHOCN9J,EG,1.0
2022-06-04 01:20,NAO30,NAONSM43D8,NAO,2.5
2022-06-04 01:27,NO01,NO7PTX63C,NO,3.85
2022-06-04 01:45,NAO40,NAO5ZJA8DZ,NAO,2.5
2022-06-04 01:49,AM05,AMHJ7XVG0,AM,3.6
2022-06-04 02:56,NAO41,EGUT0CVS4,EG,2.5
2022-06-04 03:39,AM02,EGRHOCN9J,EG,2.0
2022-06-04 04:02,GE02,GE5A0L725,GE,14.7
2022-06-04 04:19,NO14,NO7PTX63C,NO,4.15
2022-06-04 04:43,KO03,KOJDP0LVS,KO,2.95
2022-06-04 04:54,OO04,NOXFGCAQV,NO,2.4
2022-06-04 05:02,NAO38,NAO09SKDGI,NAO,2.5
2022-06-04 05:23,GE02,GEJA1WJ0T,GE,14.7
2022-06-04 05:33,NAO06,NOQLL8OS9,NO,2.5
2022-06-04 06:07,OO09,OO1B0Z3NX,OO,2.5
